Name,Task ID,Milestone,Area,Priority,Sprint Plan,Status,Plan,Type,Depends On,Acceptance,Source,Source Path,Source Commit
[TWN-0001] Reconcile the historical Notion draft against approved Git records,TWN-0001,Milestone 0 - Documentation And Handoff,Product,High,Sprint 1,Review,Shared,Review,-,"Every stale tenancy, payment, Campaign, export, and implementation claim is mapped to its replacement or archive action",https://github.com/duplyofficial-thay/duply-creator,docs/tawan/TASK_BREAKDOWN.md,c0c1a22cd7af01af0362305ca823f1c0721ed387
[TWN-0002] Maintain the canonical Tawan product and technical documents,TWN-0002,Milestone 0 - Documentation And Handoff,Product,Critical,Sprint 1,Done,Shared,Task,-,"Product, architecture, data, security, decisions, and implementation documents are committed and internally consistent",https://github.com/duplyofficial-thay/duply-creator,docs/tawan/TASK_BREAKDOWN.md,c0c1a22cd7af01af0362305ca823f1c0721ed387
[TWN-0003] Preserve Thai PDPA research and counsel questions,TWN-0003,Milestone 0 - Documentation And Handoff,Legal,High,Sprint 1,Done,Shared,Research,-,Research cites primary authorities and is clearly labelled as non-legal advice,https://github.com/duplyofficial-thay/duply-creator,docs/tawan/TASK_BREAKDOWN.md,c0c1a22cd7af01af0362305ca823f1c0721ed387
[TWN-0004] Maintain the portable Tawan handoff skill,TWN-0004,Milestone 0 - Documentation And Handoff,Operations,High,Sprint 1,Done,Shared,Task,TWN-0002,"A fresh AI account reconstructs tier, status, blockers, and next milestone without chat history",https://github.com/duplyofficial-thay/duply-creator,docs/tawan/TASK_BREAKDOWN.md,c0c1a22cd7af01af0362305ca823f1c0721ed387
[TWN-0005] Publish approved Tawan commits to the canonical GitHub default branch,TWN-0005,Milestone 0 - Documentation And Handoff,Operations,Critical,Sprint 1,Blocked,Shared,Task,Owner push approval,Full SHA is reachable from `origin` default branch and no unrelated files are pushed,https://github.com/duplyofficial-thay/duply-creator,docs/tawan/TASK_BREAKDOWN.md,c0c1a22cd7af01af0362305ca823f1c0721ed387
[TWN-0006] Add verified Markdown source links to the Notion hub,TWN-0006,Milestone 0 - Documentation And Handoff,Operations,High,Sprint 1,Blocked,Shared,Task,TWN-0005,Every required link opens in the intended friend/AI context and uses the full permanent SHA,https://github.com/duplyofficial-thay/duply-creator,docs/tawan/TASK_BREAKDOWN.md,c0c1a22cd7af01af0362305ca823f1c0721ed387
[TWN-0007] Reconcile existing Tawan Board records by stable Task ID,TWN-0007,Milestone 0 - Documentation And Handoff,Operations,High,Sprint 1,Blocked,Shared,Task,"Notion API/session access, TWN-0006",Dry-run mapping is owner-approved before existing records are updated; no human record is merged or archived without explicit approval; comments are preserved,https://github.com/duplyofficial-thay/duply-creator,docs/tawan/TASK_BREAKDOWN.md,c0c1a22cd7af01af0362305ca823f1c0721ed387
"[TWN-0101] Obtain read-only access to runtime, data, dashboard, and deployment repositories",TWN-0101,Milestone 1 - Runtime And Data Discovery,Operations,Critical,Sprint 1,Ready,Shared,Task,Human access grants,"Repository names, owners, access limits, and contacts are recorded without exposing credentials",https://github.com/duplyofficial-thay/duply-creator,docs/tawan/TASK_BREAKDOWN.md,c0c1a22cd7af01af0362305ca823f1c0721ed387
[TWN-0102] Verify LINE destination-to-Duple and Store Context resolution,TWN-0102,Milestone 1 - Runtime And Data Discovery,LINE,Critical,Sprint 2,Blocked,Shared,Research,TWN-0101,"Actual webhook path, identity inputs, failure behavior, and trusted boundary are documented",https://github.com/duplyofficial-thay/duply-creator,docs/tawan/TASK_BREAKDOWN.md,c0c1a22cd7af01af0362305ca823f1c0721ed387
"[TWN-0103] Verify archetype loading, agent dispatch, roles, and tool registry",TWN-0103,Milestone 1 - Runtime And Data Discovery,Platform,Critical,Sprint 2,Blocked,Shared,Research,TWN-0101,Real interfaces and compatibility constraints for shared Tawan code are documented,https://github.com/duplyofficial-thay/duply-creator,docs/tawan/TASK_BREAKDOWN.md,c0c1a22cd7af01af0362305ca823f1c0721ed387
"[TWN-0104] Verify knowledge, vector, memory, and raw-message contracts",TWN-0104,Milestone 1 - Runtime And Data Discovery,Data,Critical,Sprint 2,Blocked,Shared,Research,TWN-0101,"Authoritative tables, retrieval filters, retention behavior, and store boundaries are documented",https://github.com/duplyofficial-thay/duply-creator,docs/tawan/TASK_BREAKDOWN.md,c0c1a22cd7af01af0362305ca823f1c0721ed387
"[TWN-0105] Verify command authorization, idempotency, cache, queue, and object storage",TWN-0105,Milestone 1 - Runtime And Data Discovery,Security,Critical,Sprint 2,Blocked,Shared,Research,TWN-0101,Every write and shared subsystem has a verified tenancy and replay contract,https://github.com/duplyofficial-thay/duply-creator,docs/tawan/TASK_BREAKDOWN.md,c0c1a22cd7af01af0362305ca823f1c0721ed387
"[TWN-0106] Verify LINE media, Flex message, image validation, and delivery contracts",TWN-0106,Milestone 1 - Runtime And Data Discovery,LINE,High,Sprint 2,Blocked,Shared,Research,TWN-0101,"Inbound/outbound media interfaces, limits, storage, retry, and delivery results are documented",https://github.com/duplyofficial-thay/duply-creator,docs/tawan/TASK_BREAKDOWN.md,c0c1a22cd7af01af0362305ca823f1c0721ed387
"[TWN-0107] Verify migration, rollback, backup, restore, and cost-ledger interfaces",TWN-0107,Milestone 1 - Runtime And Data Discovery,Operations,Critical,Sprint 2,Blocked,Shared,Research,TWN-0101,"Owners, commands, environments, failure recovery, and paid-call logging contract are documented",https://github.com/duplyofficial-thay/duply-creator,docs/tawan/TASK_BREAKDOWN.md,c0c1a22cd7af01af0362305ca823f1c0721ed387
"[TWN-0108] Produce the repository map, contradiction report, and revised file-level plan",TWN-0108,Milestone 1 - Runtime And Data Discovery,Platform,Critical,Sprint 2,Blocked,Shared,Review,TWN-0102 through TWN-0107,No private path is guessed; every dependency has an owner; product owner approves proposed platform changes,https://github.com/duplyofficial-thay/duply-creator,docs/tawan/TASK_BREAKDOWN.md,c0c1a22cd7af01af0362305ca823f1c0721ed387
[TWN-0201] Select and document the repository test toolchain,TWN-0201,Milestone 2 - Test Harness And Migration Foundation,Platform,Critical,Sprint 3,Backlog,Shared,Decision,TWN-0108,One supported unit/integration command is documented and runnable locally,https://github.com/duplyofficial-thay/duply-creator,docs/tawan/TASK_BREAKDOWN.md,c0c1a22cd7af01af0362305ca823f1c0721ed387
[TWN-0202] Create a rollback-capable commerce migration runner and manifest,TWN-0202,Milestone 2 - Test Harness And Migration Foundation,Data,Critical,Sprint 3,Backlog,Shared,Task,TWN-0201,"Migrations apply, report versions, roll back, and reject incompatible ordering",https://github.com/duplyofficial-thay/duply-creator,docs/tawan/TASK_BREAKDOWN.md,c0c1a22cd7af01af0362305ca823f1c0721ed387
[TWN-0203] Create a disposable Postgres verification environment,TWN-0203,Milestone 2 - Test Harness And Migration Foundation,Data,Critical,Sprint 3,Backlog,Shared,Task,TWN-0202,"A clean database can be created, migrated, rolled back, and recreated automatically",https://github.com/duplyofficial-thay/duply-creator,docs/tawan/TASK_BREAKDOWN.md,c0c1a22cd7af01af0362305ca823f1c0721ed387
[TWN-0204] Create synthetic fixtures for two stores and five demo businesses,TWN-0204,Milestone 2 - Test Harness And Migration Foundation,Data,High,Sprint 3,Backlog,Shared,Task,TWN-0203,Fixtures contain no real credentials or personal data and cover required module differences,https://github.com/duplyofficial-thay/duply-creator,docs/tawan/TASK_BREAKDOWN.md,c0c1a22cd7af01af0362305ca823f1c0721ed387
"[TWN-0205] Test archetype selection, registration validation, and migration replay",TWN-0205,Milestone 2 - Test Harness And Migration Foundation,Platform,Critical,Sprint 3,Backlog,Shared,Task,"TWN-0202, TWN-0204",Finance/lifestyle remain unchanged; commerce selection and repeated migrations behave deterministically,https://github.com/duplyofficial-thay/duply-creator,docs/tawan/TASK_BREAKDOWN.md,c0c1a22cd7af01af0362305ca823f1c0721ed387
[TWN-0206] Test schema-role isolation and secret/environment safeguards,TWN-0206,Milestone 2 - Test Harness And Migration Foundation,Security,Critical,Sprint 3,Backlog,Shared,Task,"TWN-0203, TWN-0204",Each synthetic role is denied access to the other schema and secret scans pass,https://github.com/duplyofficial-thay/duply-creator,docs/tawan/TASK_BREAKDOWN.md,c0c1a22cd7af01af0362305ca823f1c0721ed387
[TWN-0207] Complete test and migration foundation exit review,TWN-0207,Milestone 2 - Test Harness And Migration Foundation,Operations,Critical,Sprint 3,Backlog,Shared,Review,TWN-0201 through TWN-0206,"Supported commands pass from a clean checkout; migration rollback, replay, fixtures, isolation, and regressions have evidence",https://github.com/duplyofficial-thay/duply-creator,docs/tawan/TASK_BREAKDOWN.md,c0c1a22cd7af01af0362305ca823f1c0721ed387
[TWN-0301] Implement Tawan registration and shared archetype configuration,TWN-0301,Milestone 3 - Store Workspace And Access Foundation,Platform,Critical,Sprint 4,Backlog,Standard,Task,TWN-0206,Multiple Tawan Instances reuse shared code without sharing configuration or schema credentials,https://github.com/duplyofficial-thay/duply-creator,docs/tawan/TASK_BREAKDOWN.md,c0c1a22cd7af01af0362305ca823f1c0721ed387
[TWN-0302] Implement trusted Store Resolver and Store Context propagation,TWN-0302,Milestone 3 - Store Workspace And Access Foundation,Platform,Critical,Sprint 4,Backlog,Standard,Task,TWN-0301,"Chat, tools, knowledge, memory, cache, queue, storage, and logs receive the verified Store Context",https://github.com/duplyofficial-thay/duply-creator,docs/tawan/TASK_BREAKDOWN.md,c0c1a22cd7af01af0362305ca823f1c0721ed387
[TWN-0303] Provision one least-privilege schema role per Store Workspace,TWN-0303,Milestone 3 - Store Workspace And Access Foundation,Data,Critical,Sprint 4,Backlog,Standard,Task,"TWN-0202, TWN-0301",Native database permissions prevent cross-store reads and writes,https://github.com/duplyofficial-thay/duply-creator,docs/tawan/TASK_BREAKDOWN.md,c0c1a22cd7af01af0362305ca823f1c0721ed387
[TWN-0304] Implement canonical roles and staff Capability grants,TWN-0304,Milestone 3 - Store Workspace And Access Foundation,Security,Critical,Sprint 4,Backlog,Standard,Task,TWN-0302,"`platform_admin`, `store_owner`, `store_staff`, and `customer` enforce the approved action matrix",https://github.com/duplyofficial-thay/duply-creator,docs/tawan/TASK_BREAKDOWN.md,c0c1a22cd7af01af0362305ca823f1c0721ed387
[TWN-0305] Implement time-limited audited Platform Administrator support sessions,TWN-0305,Milestone 3 - Store Workspace And Access Foundation,Security,High,Sprint 4,Backlog,Shared,Task,TWN-0304,"Session records actor, reason, target, expiry, actions, and immediate revocation",https://github.com/duplyofficial-thay/duply-creator,docs/tawan/TASK_BREAKDOWN.md,c0c1a22cd7af01af0362305ca823f1c0721ed387
[TWN-0306] Implement store settings and subscription entitlement boundaries,TWN-0306,Milestone 3 - Store Workspace And Access Foundation,Platform,High,Sprint 4,Backlog,Standard,Task,TWN-0304,"Timezone, currency, expiry, notifications, review cadence, and Standard/Pro gates validate server-side",https://github.com/duplyofficial-thay/duply-creator,docs/tawan/TASK_BREAKDOWN.md,c0c1a22cd7af01af0362305ca823f1c0721ed387
[TWN-0307] Run cross-store adversarial tests through every implemented interface,TWN-0307,Milestone 3 - Store Workspace And Access Foundation,Security,Critical,Sprint 5,Backlog,Shared,Review,"TWN-0302 through TWN-0306, TWN-0308","Cross-store read, write, cache, vector, queue, object, and URL attempts fail with audit evidence",https://github.com/duplyofficial-thay/duply-creator,docs/tawan/TASK_BREAKDOWN.md,c0c1a22cd7af01af0362305ca823f1c0721ed387
[TWN-0308] Implement append-only Audit Events and authorized inspection,TWN-0308,Milestone 3 - Store Workspace And Access Foundation,Security,Critical,Sprint 4,Backlog,Shared,Task,"TWN-0302, TWN-0304","Security and commercial actions record store, actor, reason, target, result, time, and correlation without mutable history",https://github.com/duplyofficial-thay/duply-creator,docs/tawan/TASK_BREAKDOWN.md,c0c1a22cd7af01af0362305ca823f1c0721ed387
[TWN-0309] Implement staff and Platform Administrator MFA,TWN-0309,Milestone 3 - Store Workspace And Access Foundation,Security,Critical,Sprint 5,Backlog,Shared,Task,"TWN-0105, TWN-0304","Privileged sessions require supported MFA with recovery, revocation, and audit evidence",https://github.com/duplyofficial-thay/duply-creator,docs/tawan/TASK_BREAKDOWN.md,c0c1a22cd7af01af0362305ca823f1c0721ed387
"[TWN-0310] Implement webhook, authentication, and tool rate limits",TWN-0310,Milestone 3 - Store Workspace And Access Foundation,Security,High,Sprint 5,Backlog,Shared,Task,"TWN-0105, TWN-0302",Store/customer limits resist abuse without allowing one store to exhaust another store's capacity,https://github.com/duplyofficial-thay/duply-creator,docs/tawan/TASK_BREAKDOWN.md,c0c1a22cd7af01af0362305ca823f1c0721ed387
[TWN-0311] Implement security monitoring and actionable alert delivery,TWN-0311,Milestone 3 - Store Workspace And Access Foundation,Operations,High,Sprint 5,Backlog,Shared,Task,"TWN-0308, TWN-0310","Cross-store denials, auth failures, unusual exports, queue failure, and payment conflicts alert an accountable owner",https://github.com/duplyofficial-thay/duply-creator,docs/tawan/TASK_BREAKDOWN.md,c0c1a22cd7af01af0362305ca823f1c0721ed387
[TWN-0312] Implement periodic staff access and Capability review,TWN-0312,Milestone 3 - Store Workspace And Access Foundation,Security,High,Sprint 5,Backlog,Standard,Task,"TWN-0304, TWN-0308","Owners can review, revoke, and evidence current staff access on a configured cadence",https://github.com/duplyofficial-thay/duply-creator,docs/tawan/TASK_BREAKDOWN.md,c0c1a22cd7af01af0362305ca823f1c0721ed387
[TWN-0313] Complete Store Workspace security exit review,TWN-0313,Milestone 3 - Store Workspace And Access Foundation,Security,Critical,Sprint 5,Backlog,Shared,Review,"TWN-0302 through TWN-0312, TWN-0314","Isolation, roles, audit, MFA, rate limits, monitoring, access review, and key handling pass before feature work begins",https://github.com/duplyofficial-thay/duply-creator,docs/tawan/TASK_BREAKDOWN.md,c0c1a22cd7af01af0362305ca823f1c0721ed387
[TWN-0314] Implement encrypted secret and key lifecycle management,TWN-0314,Milestone 3 - Store Workspace And Access Foundation,Security,Critical,Sprint 5,Backlog,Shared,Task,"TWN-0105, TWN-0302","Secrets and keys are store/environment-scoped, encrypted, rotated, revocable, and absent from logs and exports",https://github.com/duplyofficial-thay/duply-creator,docs/tawan/TASK_BREAKDOWN.md,c0c1a22cd7af01af0362305ca823f1c0721ed387
[TWN-0401] Implement protected source upload and source registry,TWN-0401,Milestone 4 - Knowledge Ingestion And Customer Memory,Data,Critical,Sprint 6,Backlog,Standard,Task,TWN-0313,"Files are private, checksummed, store-scoped, bounded, scanned, and assigned retention classes",https://github.com/duplyofficial-thay/duply-creator,docs/tawan/TASK_BREAKDOWN.md,c0c1a22cd7af01af0362305ca823f1c0721ed387
[TWN-0402] Implement approved-domain URL import with SSRF protection,TWN-0402,Milestone 4 - Knowledge Ingestion And Customer Memory,Security,High,Sprint 6,Backlog,Standard,Task,TWN-0401,"Redirects, private networks, size, timeout, and content type are safely controlled",https://github.com/duplyofficial-thay/duply-creator,docs/tawan/TASK_BREAKDOWN.md,c0c1a22cd7af01af0362305ca823f1c0721ed387
[TWN-0403] Implement structured document parsers and Knowledge Candidate extraction,TWN-0403,Milestone 4 - Knowledge Ingestion And Customer Memory,Data,High,Sprint 6,Backlog,Standard,Task,TWN-0401,"Supported text, CSV, and spreadsheet fields include provenance, confidence, scope, validity, warnings, and conflicts",https://github.com/duplyofficial-thay/duply-creator,docs/tawan/TASK_BREAKDOWN.md,c0c1a22cd7af01af0362305ca823f1c0721ed387
"[TWN-0404] Implement candidate review, approval, publication, expiry, and supersession",TWN-0404,Milestone 4 - Knowledge Ingestion And Customer Memory,Platform,Critical,Sprint 6,Backlog,Standard,Task,TWN-0403,Only the Store Owner publishes permanent knowledge; history remains auditable,https://github.com/duplyofficial-thay/duply-creator,docs/tawan/TASK_BREAKDOWN.md,c0c1a22cd7af01af0362305ca823f1c0721ed387
[TWN-0405] Implement daily digest and configurable weekly/monthly knowledge review,TWN-0405,Milestone 4 - Knowledge Ingestion And Customer Memory,Operations,Medium,Sprint 6,Backlog,Standard,Task,TWN-0404,Critical changes request immediate review; lower-risk changes follow owner cadence,https://github.com/duplyofficial-thay/duply-creator,docs/tawan/TASK_BREAKDOWN.md,c0c1a22cd7af01af0362305ca823f1c0721ed387
[TWN-0406] Implement structured Customer Memory with source and confidence,TWN-0406,Milestone 4 - Knowledge Ingestion And Customer Memory,Data,Critical,Sprint 7,Backlog,Standard,Task,TWN-0313,"Explicit and inferred memory records source, dates, confidence, confirmation, version, validity, and correction history",https://github.com/duplyofficial-thay/duply-creator,docs/tawan/TASK_BREAKDOWN.md,c0c1a22cd7af01af0362305ca823f1c0721ed387
"[TWN-0407] Implement Customer memory view, correction, deletion, and retention",TWN-0407,Milestone 4 - Knowledge Ingestion And Customer Memory,Security,Critical,Sprint 7,Backlog,Standard,Task,TWN-0406,Thai/plain-language requests work and deletion propagates subject to legal holds,https://github.com/duplyofficial-thay/duply-creator,docs/tawan/TASK_BREAKDOWN.md,c0c1a22cd7af01af0362305ca823f1c0721ed387
[TWN-0408] Implement raw-message expiry and structured Interaction Events,TWN-0408,Milestone 4 - Knowledge Ingestion And Customer Memory,Data,Critical,Sprint 7,Backlog,Standard,Task,TWN-0313,Raw content expires by policy while required progress and outcome events remain structured,https://github.com/duplyofficial-thay/duply-creator,docs/tawan/TASK_BREAKDOWN.md,c0c1a22cd7af01af0362305ca823f1c0721ed387
"[TWN-0409] Test prompt injection, knowledge poisoning, stale facts, and cross-store retrieval",TWN-0409,Milestone 4 - Knowledge Ingestion And Customer Memory,Security,Critical,Sprint 7,Backlog,Shared,Review,"TWN-0402, TWN-0404, TWN-0407, TWN-0408","Untrusted content cannot publish, authorize tools, or retrieve another store's data",https://github.com/duplyofficial-thay/duply-creator,docs/tawan/TASK_BREAKDOWN.md,c0c1a22cd7af01af0362305ca823f1c0721ed387
[TWN-0410] Create guided onboarding templates for stores without source data,TWN-0410,Milestone 4 - Knowledge Ingestion And Customer Memory,Product,Medium,Sprint 6,Backlog,Standard,Task,TWN-0403,"Catalog, policy, FAQ, service, shipping, and contact templates produce reviewable Knowledge Candidates",https://github.com/duplyofficial-thay/duply-creator,docs/tawan/TASK_BREAKDOWN.md,c0c1a22cd7af01af0362305ca823f1c0721ed387
[TWN-0411] Implement bounded image/PDF OCR adapter,TWN-0411,Milestone 4 - Knowledge Ingestion And Customer Memory,Data,High,Sprint 6,Backlog,Standard,Task,"TWN-0401, TWN-0403","OCR enforces page/size limits and preserves page-level provenance, confidence, warnings, and failure evidence",https://github.com/duplyofficial-thay/duply-creator,docs/tawan/TASK_BREAKDOWN.md,c0c1a22cd7af01af0362305ca823f1c0721ed387
[TWN-0412] Complete knowledge and memory exit review,TWN-0412,Milestone 4 - Knowledge Ingestion And Customer Memory,Security,Critical,Sprint 7,Backlog,Standard,Review,TWN-0401 through TWN-0411,"Upload, import, parsing, OCR, templates, approval, expiry, memory rights, retention, and poisoning tests pass",https://github.com/duplyofficial-thay/duply-creator,docs/tawan/TASK_BREAKDOWN.md,c0c1a22cd7af01af0362305ca823f1c0721ed387
[TWN-0501] Implement store-specific Customer identity and Sales Journey lifecycle,TWN-0501,"Milestone 5 - Sales Journey, Tasking, And Approvals",Platform,Critical,Sprint 8,Backlog,Standard,Task,TWN-0313,"Journey states, outcomes, Channel identity, value, next action, and timestamps validate consistently",https://github.com/duplyofficial-thay/duply-creator,docs/tawan/TASK_BREAKDOWN.md,c0c1a22cd7af01af0362305ca823f1c0721ed387
"[TWN-0502] Implement Task lifecycle, assignment, due time, escalation, and history",TWN-0502,"Milestone 5 - Sales Journey, Tasking, And Approvals",Platform,Critical,Sprint 8,Backlog,Standard,Task,TWN-0501,Approved states and terminal outcomes are enforced and audited,https://github.com/duplyofficial-thay/duply-creator,docs/tawan/TASK_BREAKDOWN.md,c0c1a22cd7af01af0362305ca823f1c0721ed387
[TWN-0503] Implement initial Task types and deterministic deduplication,TWN-0503,"Milestone 5 - Sales Journey, Tasking, And Approvals",Platform,High,Sprint 8,Backlog,Standard,Task,TWN-0502,"Answer, discount, payment, stock, follow-up, delivery, knowledge, and VIP Tasks do not duplicate on retry",https://github.com/duplyofficial-thay/duply-creator,docs/tawan/TASK_BREAKDOWN.md,c0c1a22cd7af01af0362305ca823f1c0721ed387
[TWN-0504] Implement Approval records and owner-only final authority,TWN-0504,"Milestone 5 - Sales Journey, Tasking, And Approvals",Security,Critical,Sprint 8,Backlog,Standard,Task,"TWN-0304, TWN-0502","Knowledge, exceptional price, payment, staff, retention, and sensitive export approvals record scope and actor",https://github.com/duplyofficial-thay/duply-creator,docs/tawan/TASK_BREAKDOWN.md,c0c1a22cd7af01af0362305ca823f1c0721ed387
[TWN-0505] Implement unauthorized-discount escalation without promise,TWN-0505,"Milestone 5 - Sales Journey, Tasking, And Approvals",Platform,High,Sprint 8,Backlog,Standard,Task,"TWN-0503, TWN-0504",Tawan creates a waiting-owner Task and cannot communicate an unapproved commercial exception,https://github.com/duplyofficial-thay/duply-creator,docs/tawan/TASK_BREAKDOWN.md,c0c1a22cd7af01af0362305ca823f1c0721ed387
[TWN-0506] Record structured Interaction Events and Task/Approval analytics events,TWN-0506,"Milestone 5 - Sales Journey, Tasking, And Approvals",Analytics,Medium,Sprint 8,Backlog,Standard,Task,TWN-0501 through TWN-0504,Meaningful progress is measurable without requiring indefinite transcripts,https://github.com/duplyofficial-thay/duply-creator,docs/tawan/TASK_BREAKDOWN.md,c0c1a22cd7af01af0362305ca823f1c0721ed387
"[TWN-0507] Test lifecycle authorization, retries, races, timeout, and revoked access",TWN-0507,"Milestone 5 - Sales Journey, Tasking, And Approvals",Security,Critical,Sprint 8,Backlog,Shared,Review,TWN-0501 through TWN-0506,Invalid transitions fail atomically and retries return the prior result,https://github.com/duplyofficial-thay/duply-creator,docs/tawan/TASK_BREAKDOWN.md,c0c1a22cd7af01af0362305ca823f1c0721ed387
[TWN-0508] Implement store-defined Customer Tier rules and evidence,TWN-0508,"Milestone 5 - Sales Journey, Tasking, And Approvals",Data,High,Sprint 9,Backlog,Standard,Task,"TWN-0406, TWN-0501","Tier calculations record store-local evidence, version, dates, confidence, and expiry without cross-store profiling",https://github.com/duplyofficial-thay/duply-creator,docs/tawan/TASK_BREAKDOWN.md,c0c1a22cd7af01af0362305ca823f1c0721ed387
[TWN-0509] Implement owner Tier recommendation review and manual override,TWN-0509,"Milestone 5 - Sales Journey, Tasking, And Approvals",Platform,High,Sprint 9,Backlog,Standard,Task,"TWN-0508, TWN-0504","Tawan recommends; owner can approve, reject, set, expire, or override a Tier with reason and audit history",https://github.com/duplyofficial-thay/duply-creator,docs/tawan/TASK_BREAKDOWN.md,c0c1a22cd7af01af0362305ca823f1c0721ed387
[TWN-0510] Implement staff/owner notification policy and routing,TWN-0510,"Milestone 5 - Sales Journey, Tasking, And Approvals",Operations,High,Sprint 9,Backlog,Standard,Task,"TWN-0306, TWN-0502","Dashboard and LINE destinations respect urgency, role, quiet hours, and critical escalation policy",https://github.com/duplyofficial-thay/duply-creator,docs/tawan/TASK_BREAKDOWN.md,c0c1a22cd7af01af0362305ca823f1c0721ed387
"[TWN-0511] Implement notification delivery results, retries, and deduplication",TWN-0511,"Milestone 5 - Sales Journey, Tasking, And Approvals",Operations,High,Sprint 9,Backlog,Standard,Task,TWN-0510,Retries do not duplicate alerts; failures and acknowledgements remain visible and actionable,https://github.com/duplyofficial-thay/duply-creator,docs/tawan/TASK_BREAKDOWN.md,c0c1a22cd7af01af0362305ca823f1c0721ed387
"[TWN-0512] Complete Journey, Task, Approval, Tier, and notification exit review",TWN-0512,"Milestone 5 - Sales Journey, Tasking, And Approvals",Security,Critical,Sprint 9,Backlog,Standard,Review,TWN-0501 through TWN-0511,"Authorization, lifecycle, deduplication, escalation, owner authority, Tier, and delivery evidence pass",https://github.com/duplyofficial-thay/duply-creator,docs/tawan/TASK_BREAKDOWN.md,c0c1a22cd7af01af0362305ca823f1c0721ed387
"[TWN-0601] Implement catalog items, variants, stock locations, and availability",TWN-0601,Milestone 6 - Retail Commerce And Manual Payment,Data,Critical,Sprint 10,Backlog,Standard,Task,TWN-0313,"Size/color variants remain relational, stock cannot become negative, and store boundaries hold",https://github.com/duplyofficial-thay/duply-creator,docs/tawan/TASK_BREAKDOWN.md,c0c1a22cd7af01af0362305ca823f1c0721ed387
[TWN-0602] Implement deterministic price precedence and auditable exceptions,TWN-0602,Milestone 6 - Retail Commerce And Manual Payment,Platform,Critical,Sprint 10,Backlog,Standard,Task,"TWN-0306, TWN-0504, TWN-0509","Customer-specific, Campaign, Tier, quantity/wholesale, and standard prices resolve in approved order",https://github.com/duplyofficial-thay/duply-creator,docs/tawan/TASK_BREAKDOWN.md,c0c1a22cd7af01af0362305ca823f1c0721ed387
[TWN-0603] Implement Order lifecycle and immutable confirmed line snapshots,TWN-0603,Milestone 6 - Retail Commerce And Manual Payment,Platform,Critical,Sprint 10,Backlog,Standard,Task,"TWN-0501, TWN-0601, TWN-0602",State transitions are atomic and confirmed item/price snapshots do not silently change,https://github.com/duplyofficial-thay/duply-creator,docs/tawan/TASK_BREAKDOWN.md,c0c1a22cd7af01af0362305ca823f1c0721ed387
"[TWN-0604] Implement stock reservation, configurable expiry, and release",TWN-0604,Milestone 6 - Retail Commerce And Manual Payment,Data,Critical,Sprint 10,Backlog,Standard,Task,"TWN-0601, TWN-0603",Concurrent reservations never oversell and expiry releases capacity exactly once,https://github.com/duplyofficial-thay/duply-creator,docs/tawan/TASK_BREAKDOWN.md,c0c1a22cd7af01af0362305ca823f1c0721ed387
[TWN-0605] Implement PromptPay QR generation and protected payment evidence storage,TWN-0605,Milestone 6 - Retail Commerce And Manual Payment,Platform,Critical,Sprint 11,Backlog,Standard,Task,TWN-0603,QR uses configured merchant data; slips are private with short-lived authorized access,https://github.com/duplyofficial-thay/duply-creator,docs/tawan/TASK_BREAKDOWN.md,c0c1a22cd7af01af0362305ca823f1c0721ed387
[TWN-0606] Implement payment extraction and duplicate-evidence blocking,TWN-0606,Milestone 6 - Retail Commerce And Manual Payment,Security,Critical,Sprint 11,Backlog,Standard,Task,TWN-0605,"Hash, fingerprint, amount/time, and bank-reference conflicts block approval; confirmed bank references cannot be reused; only owner reason-coded resolution clears a false positive",https://github.com/duplyofficial-thay/duply-creator,docs/tawan/TASK_BREAKDOWN.md,c0c1a22cd7af01af0362305ca823f1c0721ed387
[TWN-0607] Implement manual payment-review Task and owner decision,TWN-0607,Milestone 6 - Retail Commerce And Manual Payment,Platform,Critical,Sprint 11,Backlog,Standard,Task,"TWN-0503, TWN-0504, TWN-0606",Staff may recommend; only Store Owner marks final Phase 1 paid/rejected state,https://github.com/duplyofficial-thay/duply-creator,docs/tawan/TASK_BREAKDOWN.md,c0c1a22cd7af01af0362305ca823f1c0721ed387
"[TWN-0608] Implement fulfilment, completion, refund, dispute, and failure handling",TWN-0608,Milestone 6 - Retail Commerce And Manual Payment,Operations,High,Sprint 11,Backlog,Standard,Task,"TWN-0603, TWN-0604, TWN-0607",Delivery failure creates follow-up work; refund/dispute states remain distinct and auditable,https://github.com/duplyofficial-thay/duply-creator,docs/tawan/TASK_BREAKDOWN.md,c0c1a22cd7af01af0362305ca823f1c0721ed387
[TWN-0609] Run the fashion LINE staging journey end to end,TWN-0609,Milestone 6 - Retail Commerce And Manual Payment,LINE,Critical,Sprint 12,Backlog,Standard,Review,"TWN-0409, TWN-0507, TWN-0608, TWN-0613","Question, accurate answer, variant, Order, QR, slip, review, fulfilment, and completion succeed with synthetic data",https://github.com/duplyofficial-thay/duply-creator,docs/tawan/TASK_BREAKDOWN.md,c0c1a22cd7af01af0362305ca823f1c0721ed387
[TWN-0610] Verify paid-call cost logging at response success time,TWN-0610,Milestone 6 - Retail Commerce And Manual Payment,Operations,Critical,Sprint 12,Backlog,Shared,Review,"TWN-0107, TWN-0609",Every successful paid API call is ledgered before parsing and reconciles to the staging run,https://github.com/duplyofficial-thay/duply-creator,docs/tawan/TASK_BREAKDOWN.md,c0c1a22cd7af01af0362305ca823f1c0721ed387
"[TWN-0611] Implement LINE webhook verification, normalization, and idempotency",TWN-0611,Milestone 6 - Retail Commerce And Manual Payment,LINE,Critical,Sprint 11,Backlog,Standard,Task,"TWN-0106, TWN-0302, TWN-0310",Invalid signatures fail; retries map to one store-scoped inbound event and one processing result,https://github.com/duplyofficial-thay/duply-creator,docs/tawan/TASK_BREAKDOWN.md,c0c1a22cd7af01af0362305ca823f1c0721ed387
[TWN-0612] Implement LINE inbound text and protected media handling,TWN-0612,Milestone 6 - Retail Commerce And Manual Payment,LINE,High,Sprint 11,Backlog,Standard,Task,"TWN-0401, TWN-0611","Text, images, and slips enforce type/size limits, private storage, retention, and Store Context",https://github.com/duplyofficial-thay/duply-creator,docs/tawan/TASK_BREAKDOWN.md,c0c1a22cd7af01af0362305ca823f1c0721ed387
"[TWN-0613] Implement LINE replies, Flex delivery, results, and retries",TWN-0613,Milestone 6 - Retail Commerce And Manual Payment,LINE,Critical,Sprint 12,Backlog,Standard,Task,"TWN-0511, TWN-0612, TWN-0616",Customer replies and staff alerts record delivery state; retries are idempotent and failures create follow-up work,https://github.com/duplyofficial-thay/duply-creator,docs/tawan/TASK_BREAKDOWN.md,c0c1a22cd7af01af0362305ca823f1c0721ed387
[TWN-0614] Implement store-scoped published-knowledge and Customer Memory retrieval,TWN-0614,Milestone 6 - Retail Commerce And Manual Payment,Platform,Critical,Sprint 12,Backlog,Standard,Task,"TWN-0412, TWN-0501",Retrieval uses only current approved knowledge and permitted store-local memory with provenance and validity evidence,https://github.com/duplyofficial-thay/duply-creator,docs/tawan/TASK_BREAKDOWN.md,c0c1a22cd7af01af0362305ca823f1c0721ed387
[TWN-0615] Implement response planning and deterministic command validation,TWN-0615,Milestone 6 - Retail Commerce And Manual Payment,Platform,Critical,Sprint 12,Backlog,Standard,Task,"TWN-0504, TWN-0603, TWN-0614","Model output cannot bypass authorization, price, stock, approval, idempotency, or command-schema validation",https://github.com/duplyofficial-thay/duply-creator,docs/tawan/TASK_BREAKDOWN.md,c0c1a22cd7af01af0362305ca823f1c0721ed387
[TWN-0616] Implement no-answer and unsafe-action fail-to-human orchestration,TWN-0616,Milestone 6 - Retail Commerce And Manual Payment,Platform,Critical,Sprint 12,Backlog,Standard,Task,"TWN-0503, TWN-0615","Unknown, conflicting, stale, unauthorized, or low-confidence cases ask safely or create one accountable Task without guessing",https://github.com/duplyofficial-thay/duply-creator,docs/tawan/TASK_BREAKDOWN.md,c0c1a22cd7af01af0362305ca823f1c0721ed387
[TWN-0617] Complete retail commerce and LINE exit review,TWN-0617,Milestone 6 - Retail Commerce And Manual Payment,Security,Critical,Sprint 12,Backlog,Standard,Review,TWN-0601 through TWN-0616,"Catalog, price, Order, reservation, payment, orchestration, LINE transport, full staging journey, and paid-call ledger pass",https://github.com/duplyofficial-thay/duply-creator,docs/tawan/TASK_BREAKDOWN.md,c0c1a22cd7af01af0362305ca823f1c0721ed387
"[TWN-0701] Verify dashboard repository, deployment target, and authentication",TWN-0701,Milestone 7 - Core Dashboard,Dashboard,Critical,Sprint 13,Backlog,Standard,Research,TWN-0108,"Ownership, stack, environment, session, and Store Context contract are documented",https://github.com/duplyofficial-thay/duply-creator,docs/tawan/TASK_BREAKDOWN.md,c0c1a22cd7af01af0362305ca823f1c0721ed387
[TWN-0702] Implement subscription-aware navigation and action authorization,TWN-0702,Milestone 7 - Core Dashboard,Dashboard,Critical,Sprint 13,Backlog,Standard,Task,"TWN-0304, TWN-0306, TWN-0701",Standard cannot access Campaign controls; roles and Capabilities gate every action server-side,https://github.com/duplyofficial-thay/duply-creator,docs/tawan/TASK_BREAKDOWN.md,c0c1a22cd7af01af0362305ca823f1c0721ed387
[TWN-0703] Build Overview and urgent-work queue,TWN-0703,Milestone 7 - Core Dashboard,Dashboard,High,Sprint 13,Backlog,Standard,Task,"TWN-0507, TWN-0702","Owner sees unanswered Customers, payment reviews, low stock, and overdue follow-up with stable loading states",https://github.com/duplyofficial-thay/duply-creator,docs/tawan/TASK_BREAKDOWN.md,c0c1a22cd7af01af0362305ca823f1c0721ed387
"[TWN-0704] Build Customer list, profile, Journey, and interaction history",TWN-0704,Milestone 7 - Core Dashboard,Dashboard,High,Sprint 13,Backlog,Standard,Task,"TWN-0501, TWN-0702",Authorized staff can find a store-local Customer and inspect Journey progress and structured history,https://github.com/duplyofficial-thay/duply-creator,docs/tawan/TASK_BREAKDOWN.md,c0c1a22cd7af01af0362305ca823f1c0721ed387
[TWN-0705] Build Transaction and payment-review views,TWN-0705,Milestone 7 - Core Dashboard,Dashboard,Critical,Sprint 14,Backlog,Standard,Task,"TWN-0608, TWN-0702",Authorized staff inspect Transactions and evidence while owner-only payment decisions remain protected,https://github.com/duplyofficial-thay/duply-creator,docs/tawan/TASK_BREAKDOWN.md,c0c1a22cd7af01af0362305ca823f1c0721ed387
[TWN-0706] Build Catalog and Service management views,TWN-0706,Milestone 7 - Core Dashboard,Dashboard,High,Sprint 14,Backlog,Standard,Task,"TWN-0601, TWN-0702",Authorized staff inspect and maintain store-scoped commercial facts without database access,https://github.com/duplyofficial-thay/duply-creator,docs/tawan/TASK_BREAKDOWN.md,c0c1a22cd7af01af0362305ca823f1c0721ed387
[TWN-0707] Build Settings and staff-access views,TWN-0707,Milestone 7 - Core Dashboard,Dashboard,High,Sprint 15,Backlog,Standard,Task,"TWN-0306, TWN-0312, TWN-0702","Staff access, payment, Channel, retention, notifications, timezone, and closing schedule work",https://github.com/duplyofficial-thay/duply-creator,docs/tawan/TASK_BREAKDOWN.md,c0c1a22cd7af01af0362305ca823f1c0721ed387
"[TWN-0708] Validate responsive, accessible, empty, error, retry, and unauthorized states",TWN-0708,Milestone 7 - Core Dashboard,Dashboard,High,Sprint 15,Backlog,Standard,Review,"TWN-0703 through TWN-0707, TWN-0709 through TWN-0712",Phone and desktop screenshots plus browser tests cover critical owner/staff journeys,https://github.com/duplyofficial-thay/duply-creator,docs/tawan/TASK_BREAKDOWN.md,c0c1a22cd7af01af0362305ca823f1c0721ed387
[TWN-0709] Build approval and sales-opportunity queues,TWN-0709,Milestone 7 - Core Dashboard,Dashboard,High,Sprint 13,Backlog,Standard,Task,"TWN-0504, TWN-0509, TWN-0702","Owner can act on knowledge, price, payment, Tier, staff, and high-value opportunity records",https://github.com/duplyofficial-thay/duply-creator,docs/tawan/TASK_BREAKDOWN.md,c0c1a22cd7af01af0362305ca823f1c0721ed387
"[TWN-0710] Build Customer Memory, Tier, and consent controls",TWN-0710,Milestone 7 - Core Dashboard,Dashboard,High,Sprint 14,Backlog,Standard,Task,"TWN-0407, TWN-0509, TWN-0704","Correction, deletion, consent, Tier review/override, and audit evidence are available",https://github.com/duplyofficial-thay/duply-creator,docs/tawan/TASK_BREAKDOWN.md,c0c1a22cd7af01af0362305ca823f1c0721ed387
"[TWN-0711] Build Task, assignment, escalation, and approval-history views",TWN-0711,Milestone 7 - Core Dashboard,Dashboard,High,Sprint 14,Backlog,Standard,Task,"TWN-0507, TWN-0511, TWN-0702","Staff work queues, notification results, overdue states, and owner decisions are inspectable",https://github.com/duplyofficial-thay/duply-creator,docs/tawan/TASK_BREAKDOWN.md,c0c1a22cd7af01af0362305ca823f1c0721ed387
[TWN-0712] Build Tawan Brain candidate and digest review views,TWN-0712,Milestone 7 - Core Dashboard,Dashboard,High,Sprint 15,Backlog,Standard,Task,"TWN-0405, TWN-0702","Source conflicts, candidates, approval history, expiry, supersession, and review digest are inspectable",https://github.com/duplyofficial-thay/duply-creator,docs/tawan/TASK_BREAKDOWN.md,c0c1a22cd7af01af0362305ca823f1c0721ed387
[TWN-0713] Complete Core Dashboard exit review,TWN-0713,Milestone 7 - Core Dashboard,Dashboard,Critical,Sprint 15,Backlog,Standard,Review,TWN-0701 through TWN-0712,Role and entitlement tests plus phone/desktop evidence cover every Phase 1 owner/staff workflow,https://github.com/duplyofficial-thay/duply-creator,docs/tawan/TASK_BREAKDOWN.md,c0c1a22cd7af01af0362305ca823f1c0721ed387
[TWN-0801] Define versioned commerce and service event taxonomy,TWN-0801,Milestone 8 - Standard Analytics,Analytics,High,Sprint 16,Backlog,Standard,Task,TWN-0506,"View, interest, checkout, purchase, refund, promotion, and module events have documented schemas",https://github.com/duplyofficial-thay/duply-creator,docs/tawan/TASK_BREAKDOWN.md,c0c1a22cd7af01af0362305ca823f1c0721ed387
[TWN-0802] Implement store-scoped event ingestion and idempotency,TWN-0802,Milestone 8 - Standard Analytics,Analytics,Critical,Sprint 16,Backlog,Standard,Task,"TWN-0307, TWN-0801",Replays do not double-count and Customer-level events never cross stores,https://github.com/duplyofficial-thay/duply-creator,docs/tawan/TASK_BREAKDOWN.md,c0c1a22cd7af01af0362305ca823f1c0721ed387
[TWN-0803] Implement hourly projections and store-local daily close,TWN-0803,Milestone 8 - Standard Analytics,Analytics,High,Sprint 16,Backlog,Standard,Task,"TWN-0306, TWN-0802",Provisional and finalized totals are distinguishable and timezone-correct,https://github.com/duplyofficial-thay/duply-creator,docs/tawan/TASK_BREAKDOWN.md,c0c1a22cd7af01af0362305ca823f1c0721ed387
"[TWN-0804] Implement revenue, units, and average-value measures",TWN-0804,Milestone 8 - Standard Analytics,Analytics,High,Sprint 17,Backlog,Standard,Task,"TWN-0608, TWN-0802",Measures reconcile to confirmed Transaction records and expose definitions,https://github.com/duplyofficial-thay/duply-creator,docs/tawan/TASK_BREAKDOWN.md,c0c1a22cd7af01af0362305ca823f1c0721ed387
[TWN-0805] Implement commerce funnel and repeat-purchase measures,TWN-0805,Milestone 8 - Standard Analytics,Analytics,High,Sprint 17,Backlog,Standard,Task,"TWN-0506, TWN-0802",Metric definitions are inspectable and results reconcile to Interaction Events and Transactions,https://github.com/duplyofficial-thay/duply-creator,docs/tawan/TASK_BREAKDOWN.md,c0c1a22cd7af01af0362305ca823f1c0721ed387
"[TWN-0806] Test Standard entitlement, reconciliation, late events, and partial failures",TWN-0806,Milestone 8 - Standard Analytics,Analytics,Critical,Sprint 17,Backlog,Standard,Review,"TWN-0803 through TWN-0805, TWN-0809 through TWN-0812",Standard has no Campaign execution/attribution interface and analytics failure cannot block commerce,https://github.com/duplyofficial-thay/duply-creator,docs/tawan/TASK_BREAKDOWN.md,c0c1a22cd7af01af0362305ca823f1c0721ed387
[TWN-0807] Build Standard operational analytics dashboard,TWN-0807,Milestone 8 - Standard Analytics,Dashboard,High,Sprint 17,Backlog,Standard,Task,"TWN-0702, TWN-0804, TWN-0805",Owners can inspect reconciled operational measures and definitions without Campaign controls or attribution,https://github.com/duplyofficial-thay/duply-creator,docs/tawan/TASK_BREAKDOWN.md,c0c1a22cd7af01af0362305ca823f1c0721ed387
[TWN-0808] Complete Standard Analytics exit review,TWN-0808,Milestone 8 - Standard Analytics,Analytics,Critical,Sprint 17,Backlog,Standard,Review,"TWN-0801 through TWN-0807, TWN-0809 through TWN-0812","Event, projection, measure, reconciliation, entitlement, failure-isolation, and dashboard evidence pass",https://github.com/duplyofficial-thay/duply-creator,docs/tawan/TASK_BREAKDOWN.md,c0c1a22cd7af01af0362305ca823f1c0721ed387
[TWN-0809] Implement refund and cancellation measures,TWN-0809,Milestone 8 - Standard Analytics,Analytics,High,Sprint 17,Backlog,Standard,Task,"TWN-0608, TWN-0802","Measures distinguish refund, dispute, failure, and cancellation states and reconcile to Transactions",https://github.com/duplyofficial-thay/duply-creator,docs/tawan/TASK_BREAKDOWN.md,c0c1a22cd7af01af0362305ca823f1c0721ed387
[TWN-0810] Implement stock availability and movement measures,TWN-0810,Milestone 8 - Standard Analytics,Analytics,High,Sprint 17,Backlog,Standard,Task,"TWN-0604, TWN-0802","On-hand, reserved, available, released, and completed movements reconcile to inventory records",https://github.com/duplyofficial-thay/duply-creator,docs/tawan/TASK_BREAKDOWN.md,c0c1a22cd7af01af0362305ca823f1c0721ed387
[TWN-0811] Implement response-time and escalation measures,TWN-0811,Milestone 8 - Standard Analytics,Analytics,High,Sprint 16,Backlog,Standard,Task,"TWN-0506, TWN-0802","Store-local definitions and results reconcile to Interaction, Task, and notification events",https://github.com/duplyofficial-thay/duply-creator,docs/tawan/TASK_BREAKDOWN.md,c0c1a22cd7af01af0362305ca823f1c0721ed387
[TWN-0812] Implement unresolved-Journey and staff-workload measures,TWN-0812,Milestone 8 - Standard Analytics,Analytics,High,Sprint 16,Backlog,Standard,Task,"TWN-0506, TWN-0802","Open state, ageing, assignment, overdue work, and completion reconcile to Journey and Task records",https://github.com/duplyofficial-thay/duply-creator,docs/tawan/TASK_BREAKDOWN.md,c0c1a22cd7af01af0362305ca823f1c0721ed387
"[TWN-0901] Validate restaurant modifiers, preparation, slots, and substitutions",TWN-0901,Milestone 9 - Multi-Business Validation,Product,Medium,Sprint 18,Backlog,Standard,Review,TWN-0609,Synthetic scenario maps cleanly to shared entities plus a documented module extension,https://github.com/duplyofficial-thay/duply-creator,docs/tawan/TASK_BREAKDOWN.md,c0c1a22cd7af01af0362305ca823f1c0721ed387
"[TWN-0902] Validate beauty service duration, resources, booking, and no-show",TWN-0902,Milestone 9 - Multi-Business Validation,Product,Medium,Sprint 18,Backlog,Standard,Review,TWN-0609,Capacity and booking states preserve shared Transaction invariants,https://github.com/duplyofficial-thay/duply-creator,docs/tawan/TASK_BREAKDOWN.md,c0c1a22cd7af01af0362305ca823f1c0721ed387
"[TWN-0903] Validate wholesale quotation, quantity price, validity, and Order conversion",TWN-0903,Milestone 9 - Multi-Business Validation,Product,Medium,Sprint 18,Backlog,Standard,Review,TWN-0609,Versioned Quotation acceptance converts exactly once with approved price authority,https://github.com/duplyofficial-thay/duply-creator,docs/tawan/TASK_BREAKDOWN.md,c0c1a22cd7af01af0362305ca823f1c0721ed387
"[TWN-0904] Validate construction lead, quotation, project, milestone, change, and progress payment",TWN-0904,Milestone 9 - Multi-Business Validation,Product,High,Sprint 18,Backlog,Standard,Review,TWN-0609,"Project lifecycle supports BOQ, deposits, change orders, materials, receivables, and audit history",https://github.com/duplyofficial-thay/duply-creator,docs/tawan/TASK_BREAKDOWN.md,c0c1a22cd7af01af0362305ca823f1c0721ed387
[TWN-0905] Review common-model pressure and document required extensions,TWN-0905,Milestone 9 - Multi-Business Validation,Data,High,Sprint 18,Backlog,Shared,Decision,TWN-0901 through TWN-0904,No unrelated nullable fields or bypassed invariant remains; extensions are approved before implementation,https://github.com/duplyofficial-thay/duply-creator,docs/tawan/TASK_BREAKDOWN.md,c0c1a22cd7af01af0362305ca823f1c0721ed387
[TWN-1001] Complete processing inventory and controller/processor role matrix,TWN-1001,"Milestone 10 - Compliance, Recovery, And Pilot Readiness",Legal,Critical,Sprint 19,Backlog,Shared,Task,TWN-0108,"Each purpose records basis, data, recipients, retention, security, actual role, and unresolved allocation",https://github.com/duplyofficial-thay/duply-creator,docs/tawan/TASK_BREAKDOWN.md,c0c1a22cd7af01af0362305ca823f1c0721ed387
"[TWN-1002] Obtain Thai counsel approval for privacy, DPA, marketing, transfer, retention, and export terms",TWN-1002,"Milestone 10 - Compliance, Recovery, And Pilot Readiness",Legal,Critical,Sprint 20,Backlog,Shared,Review,"TWN-1001, TWN-1011 through TWN-1013, TWN-1017 through TWN-1021",Written approval or required changes are recorded before real customer data,https://github.com/duplyofficial-thay/duply-creator,docs/tawan/TASK_BREAKDOWN.md,c0c1a22cd7af01af0362305ca823f1c0721ed387
[TWN-1003] Implement verified rights-request intake and workflow routing,TWN-1003,"Milestone 10 - Compliance, Recovery, And Pilot Readiness",Security,Critical,Sprint 20,Backlog,Standard,Task,"TWN-0407, TWN-1001","Identity verification, request type, deadlines, systems, decisions, and audit evidence are tracked",https://github.com/duplyofficial-thay/duply-creator,docs/tawan/TASK_BREAKDOWN.md,c0c1a22cd7af01af0362305ca823f1c0721ed387
[TWN-1004] Implement ordinary store-data export and offboarding grace period,TWN-1004,"Milestone 10 - Compliance, Recovery, And Pilot Readiness",Operations,High,Sprint 20,Backlog,Standard,Task,"TWN-1001, TWN-1003","Raw records, memory, Tiers, Journeys, Tasks, consent, approved knowledge, and stored customer outputs export without a paid lock; generated files expire safely",https://github.com/duplyofficial-thay/duply-creator,docs/tawan/TASK_BREAKDOWN.md,c0c1a22cd7af01af0362305ca823f1c0721ed387
[TWN-1005] Implement retention schedules and legal holds,TWN-1005,"Milestone 10 - Compliance, Recovery, And Pilot Readiness",Data,Critical,Sprint 20,Backlog,Standard,Task,"TWN-0408, TWN-1001","Platform bounds enforce approved minimums/maximums and holds record authority, scope, owner, expiry, and review",https://github.com/duplyofficial-thay/duply-creator,docs/tawan/TASK_BREAKDOWN.md,c0c1a22cd7af01af0362305ca823f1c0721ed387
"[TWN-1006] Rehearse backup restore, migration rollback, and credential rotation",TWN-1006,"Milestone 10 - Compliance, Recovery, And Pilot Readiness",Operations,Critical,Sprint 21,Backlog,Shared,Review,"TWN-0203, TWN-0107",Recovery objectives are measured and failures have owners and runbooks,https://github.com/duplyofficial-thay/duply-creator,docs/tawan/TASK_BREAKDOWN.md,c0c1a22cd7af01af0362305ca823f1c0721ed387
"[TWN-1007] Test duplicate webhooks, partial failures, incident response, and breach timing",TWN-1007,"Milestone 10 - Compliance, Recovery, And Pilot Readiness",Security,Critical,Sprint 21,Backlog,Shared,Review,"TWN-0307, TWN-0507, TWN-0608",Tabletop proves fast processor notice and supports the controller's 72-hour assessment deadline,https://github.com/duplyofficial-thay/duply-creator,docs/tawan/TASK_BREAKDOWN.md,c0c1a22cd7af01af0362305ca823f1c0721ed387
"[TWN-1008] Run dependency, secret, performance, and plan-cost reviews",TWN-1008,"Milestone 10 - Compliance, Recovery, And Pilot Readiness",Operations,High,Sprint 22,Backlog,Shared,Review,"TWN-0610, TWN-0708, TWN-0806, TWN-0807",No critical/high finding remains and per-store/conversation cost is measured at proposed limits,https://github.com/duplyofficial-thay/duply-creator,docs/tawan/TASK_BREAKDOWN.md,c0c1a22cd7af01af0362305ca823f1c0721ed387
"[TWN-1009] Complete independent architecture, code, security, and specification review",TWN-1009,"Milestone 10 - Compliance, Recovery, And Pilot Readiness",Security,Critical,Sprint 22,Backlog,Shared,Review,TWN-1002 through TWN-1008,No unresolved release-blocking finding and all accepted risks have owners,https://github.com/duplyofficial-thay/duply-creator,docs/tawan/TASK_BREAKDOWN.md,c0c1a22cd7af01af0362305ca823f1c0721ed387
[TWN-1010] Run pilot acceptance and obtain product/technical sign-off,TWN-1010,"Milestone 10 - Compliance, Recovery, And Pilot Readiness",Operations,Critical,Sprint 22,Backlog,Standard,Review,"TWN-0207, TWN-0313, TWN-0412, TWN-0512, TWN-0617, TWN-0713, TWN-0808, TWN-0905, TWN-1009, TWN-1014, TWN-1015, TWN-1022, TWN-1023",All Phase 1 criteria pass with no unowned alert or manual step,https://github.com/duplyofficial-thay/duply-creator,docs/tawan/TASK_BREAKDOWN.md,c0c1a22cd7af01af0362305ca823f1c0721ed387
[TWN-1011] Draft layered Thai privacy notices and consent/objection language,TWN-1011,"Milestone 10 - Compliance, Recovery, And Pilot Readiness",Legal,Critical,Sprint 19,Backlog,Shared,Task,TWN-1001,"Customer, staff, owner, memory, payment, analytics, and marketing notices are purpose-specific and channel-appropriate",https://github.com/duplyofficial-thay/duply-creator,docs/tawan/TASK_BREAKDOWN.md,c0c1a22cd7af01af0362305ca823f1c0721ed387
"[TWN-1012] Create subprocessor register, transfer schedule, and provider-change control",TWN-1012,"Milestone 10 - Compliance, Recovery, And Pilot Readiness",Legal,Critical,Sprint 19,Backlog,Shared,Task,TWN-1001,"Providers, locations, purposes, safeguards, notice process, and owner objections are current and reviewable",https://github.com/duplyofficial-thay/duply-creator,docs/tawan/TASK_BREAKDOWN.md,c0c1a22cd7af01af0362305ca823f1c0721ed387
[TWN-1013] Complete and document DPO appointment assessment,TWN-1013,"Milestone 10 - Compliance, Recovery, And Pilot Readiness",Legal,High,Sprint 19,Backlog,Shared,Decision,TWN-1001,"Decision cites actual monitoring and processing facts, reviewer, date, trigger for reassessment, and counsel question",https://github.com/duplyofficial-thay/duply-creator,docs/tawan/TASK_BREAKDOWN.md,c0c1a22cd7af01af0362305ca823f1c0721ed387
"[TWN-1014] Implement access, portability, and correction fulfilment",TWN-1014,"Milestone 10 - Compliance, Recovery, And Pilot Readiness",Security,Critical,Sprint 21,Backlog,Standard,Task,"TWN-1003, TWN-1004",Verified requests return or correct scoped data across active systems with completion evidence,https://github.com/duplyofficial-thay/duply-creator,docs/tawan/TASK_BREAKDOWN.md,c0c1a22cd7af01af0362305ca823f1c0721ed387
[TWN-1015] Implement verified deletion fulfilment,TWN-1015,"Milestone 10 - Compliance, Recovery, And Pilot Readiness",Security,Critical,Sprint 21,Backlog,Standard,Task,"TWN-1003, TWN-1005, TWN-1022","Deletion propagates to active systems, indexes, queues, objects, and suppression-safe tombstones subject to legal holds",https://github.com/duplyofficial-thay/duply-creator,docs/tawan/TASK_BREAKDOWN.md,c0c1a22cd7af01af0362305ca823f1c0721ed387
[TWN-1016] Implement paid value-added summary export as a separate service,TWN-1016,"Milestone 10 - Compliance, Recovery, And Pilot Readiness",Operations,Medium,Sprint 23,Backlog,Custom B2B,Task,TWN-1004,"Pricing gates only newly commissioned analysis; existing records, memories, Tiers, scores, summaries, and other stored customer outputs remain available without purchase",https://github.com/duplyofficial-thay/duply-creator,docs/tawan/TASK_BREAKDOWN.md,c0c1a22cd7af01af0362305ca823f1c0721ed387
[TWN-1017] Draft Store agreement and controller-processor DPA,TWN-1017,"Milestone 10 - Compliance, Recovery, And Pilot Readiness",Legal,Critical,Sprint 19,Backlog,Shared,Task,TWN-1001,"Instructions, roles, security, subprocessors, assistance, deletion/return, audit, incident, and liability terms are reviewable",https://github.com/duplyofficial-thay/duply-creator,docs/tawan/TASK_BREAKDOWN.md,c0c1a22cd7af01af0362305ca823f1c0721ed387
[TWN-1018] Draft approved retention and deletion schedule,TWN-1018,"Milestone 10 - Compliance, Recovery, And Pilot Readiness",Legal,Critical,Sprint 19,Backlog,Shared,Task,TWN-1001,"Each data class records purpose, authority, minimum, maximum, trigger, hold handling, and deletion method",https://github.com/duplyofficial-thay/duply-creator,docs/tawan/TASK_BREAKDOWN.md,c0c1a22cd7af01af0362305ca823f1c0721ed387
[TWN-1019] Draft incident and personal-data-breach procedure,TWN-1019,"Milestone 10 - Compliance, Recovery, And Pilot Readiness",Legal,Critical,Sprint 19,Backlog,Shared,Task,TWN-1001,"Detection, containment, evidence, processor notice, 72-hour assessment support, communication, and ownership are defined",https://github.com/duplyofficial-thay/duply-creator,docs/tawan/TASK_BREAKDOWN.md,c0c1a22cd7af01af0362305ca823f1c0721ed387
[TWN-1020] Complete direct-marketing lawful-basis and channel assessment,TWN-1020,"Milestone 10 - Compliance, Recovery, And Pilot Readiness",Legal,Critical,Sprint 20,Backlog,Shared,Decision,TWN-1001,"LINE consent, objection, suppression, analytics use, Tier use, and Pro Campaign conditions have counsel questions and owners",https://github.com/duplyofficial-thay/duply-creator,docs/tawan/TASK_BREAKDOWN.md,c0c1a22cd7af01af0362305ca823f1c0721ed387
"[TWN-1021] Draft export, suspension, termination, and offboarding terms",TWN-1021,"Milestone 10 - Compliance, Recovery, And Pilot Readiness",Legal,High,Sprint 20,Backlog,Shared,Task,TWN-1001,"Ordinary export, paid generated analysis, grace period, deletion, legal holds, and service termination are distinguished",https://github.com/duplyofficial-thay/duply-creator,docs/tawan/TASK_BREAKDOWN.md,c0c1a22cd7af01af0362305ca823f1c0721ed387
[TWN-1022] Implement deletion propagation jobs and evidence,TWN-1022,"Milestone 10 - Compliance, Recovery, And Pilot Readiness",Data,Critical,Sprint 21,Backlog,Standard,Task,TWN-1005,"Database, objects, indexes, caches, queues, and backup expiry produce verifiable completion or exception evidence",https://github.com/duplyofficial-thay/duply-creator,docs/tawan/TASK_BREAKDOWN.md,c0c1a22cd7af01af0362305ca823f1c0721ed387
"[TWN-1023] Implement restriction, consent withdrawal, and objection fulfilment",TWN-1023,"Milestone 10 - Compliance, Recovery, And Pilot Readiness",Security,Critical,Sprint 21,Backlog,Standard,Task,"TWN-1003, TWN-1005",Processing and outbound contact stop at the correct scope while legally required records remain protected and auditable,https://github.com/duplyofficial-thay/duply-creator,docs/tawan/TASK_BREAKDOWN.md,c0c1a22cd7af01af0362305ca823f1c0721ed387
[TWN-1100] Approve separate Pro Campaign and intelligence scope,TWN-1100,Post-Phase-1 Milestone 11 - Pro Campaigns And Intelligence,Product,Critical,Sprint 23,Backlog,Pro,Decision,"TWN-1010, explicit product-owner approval","Scope, pricing boundary, legal conditions, success measures, and launch authorization are recorded before implementation",https://github.com/duplyofficial-thay/duply-creator,docs/tawan/TASK_BREAKDOWN.md,c0c1a22cd7af01af0362305ca823f1c0721ed387
[TWN-1101] Implement Pro entitlement for Campaign and intelligence interfaces,TWN-1101,Post-Phase-1 Milestone 11 - Pro Campaigns And Intelligence,Platform,Critical,Sprint 24,Backlog,Pro,Task,TWN-1100,"Server-side gates prevent Standard drafting, scheduling, sending, personalization, and attribution",https://github.com/duplyofficial-thay/duply-creator,docs/tawan/TASK_BREAKDOWN.md,c0c1a22cd7af01af0362305ca823f1c0721ed387
"[TWN-1102] Implement Campaign consent, objection, suppression, quiet hours, caps, and cooldown",TWN-1102,Post-Phase-1 Milestone 11 - Pro Campaigns And Intelligence,Campaign,Critical,Sprint 24,Backlog,Pro,Task,"TWN-1101, TWN-1002",Store/purpose/Channel consent is enforced and STOP suppresses scheduled and active delivery immediately,https://github.com/duplyofficial-thay/duply-creator,docs/tawan/TASK_BREAKDOWN.md,c0c1a22cd7af01af0362305ca823f1c0721ed387
"[TWN-1103] Implement Campaign draft, commercial envelope, and owner approval",TWN-1103,Post-Phase-1 Milestone 11 - Pro Campaigns And Intelligence,Campaign,Critical,Sprint 24,Backlog,Pro,Task,"TWN-1101, TWN-0504","Tawan cannot change approved products, prices, dates, audience rules, budget, or limits",https://github.com/duplyofficial-thay/duply-creator,docs/tawan/TASK_BREAKDOWN.md,c0c1a22cd7af01af0362305ca823f1c0721ed387
[TWN-1104] Implement eligible-audience selection and Campaign scheduler,TWN-1104,Post-Phase-1 Milestone 11 - Pro Campaigns And Intelligence,Campaign,Critical,Sprint 24,Backlog,Pro,Task,"TWN-1102, TWN-1103","Ineligible, suppressed, capped, out-of-window, and expired Customers are excluded before scheduling",https://github.com/duplyofficial-thay/duply-creator,docs/tawan/TASK_BREAKDOWN.md,c0c1a22cd7af01af0362305ca823f1c0721ed387
[TWN-1105] Implement Campaign result tracking and inspectable attribution,TWN-1105,Post-Phase-1 Milestone 11 - Pro Campaigns And Intelligence,Analytics,High,Sprint 25,Backlog,Pro,Task,"TWN-0802, TWN-1104","Attribution window, reason, event path, and reconciliation are visible",https://github.com/duplyofficial-thay/duply-creator,docs/tawan/TASK_BREAKDOWN.md,c0c1a22cd7af01af0362305ca823f1c0721ed387
[TWN-1106] Implement RFM and owner-defined Customer segmentation,TWN-1106,Post-Phase-1 Milestone 11 - Pro Campaigns And Intelligence,Analytics,High,Sprint 25,Backlog,Pro,Task,"TWN-0806, TWN-1101","Outputs record version, evidence window, explanation, store scope, and insufficient-data state",https://github.com/duplyofficial-thay/duply-creator,docs/tawan/TASK_BREAKDOWN.md,c0c1a22cd7af01af0362305ca823f1c0721ed387
[TWN-1107] Implement product affinity and basket recommendations,TWN-1107,Post-Phase-1 Milestone 11 - Pro Campaigns And Intelligence,Analytics,High,Sprint 25,Backlog,Pro,Task,"TWN-0806, TWN-1101","Evidence is inspectable and recommendations never perform automatic price, stock, or Campaign actions",https://github.com/duplyofficial-thay/duply-creator,docs/tawan/TASK_BREAKDOWN.md,c0c1a22cd7af01af0362305ca823f1c0721ed387
[TWN-1108] Implement anonymous benchmark export and re-identification safeguards,TWN-1108,Post-Phase-1 Milestone 11 - Pro Campaigns And Intelligence,Security,Critical,Sprint 27,Backlog,Pro,Task,"TWN-1002, TWN-1101","No Customer identifiers/free text leave stores; thresholds, suppression, outliers, and review are recorded",https://github.com/duplyofficial-thay/duply-creator,docs/tawan/TASK_BREAKDOWN.md,c0c1a22cd7af01af0362305ca823f1c0721ed387
"[TWN-1109] Test Pro Campaign safety, recipient consent, entitlement, and recommendation evidence",TWN-1109,Post-Phase-1 Milestone 11 - Pro Campaigns And Intelligence,Security,Critical,Sprint 27,Backlog,Pro,Review,"TWN-1102 through TWN-1108, TWN-1111 through TWN-1118","Standard denial, opt-out, caps, expiry, idempotency, sensitive-trait exclusion, and explanations pass",https://github.com/duplyofficial-thay/duply-creator,docs/tawan/TASK_BREAKDOWN.md,c0c1a22cd7af01af0362305ca823f1c0721ed387
[TWN-1110] Run owner-approved synthetic Campaign and Pro intelligence acceptance,TWN-1110,Post-Phase-1 Milestone 11 - Pro Campaigns And Intelligence,Campaign,Critical,Sprint 27,Backlog,Pro,Review,TWN-1109,Outcomes reconcile without violating contact policy and every commercial action remains human-approved,https://github.com/duplyofficial-thay/duply-creator,docs/tawan/TASK_BREAKDOWN.md,c0c1a22cd7af01af0362305ca823f1c0721ed387
[TWN-1111] Implement bounded Campaign personalization and idempotent delivery,TWN-1111,Post-Phase-1 Milestone 11 - Pro Campaigns And Intelligence,Campaign,Critical,Sprint 25,Backlog,Pro,Task,TWN-1104,Personalization stays inside the approved envelope; retries never duplicate delivery and every result is recorded,https://github.com/duplyofficial-thay/duply-creator,docs/tawan/TASK_BREAKDOWN.md,c0c1a22cd7af01af0362305ca823f1c0721ed387
[TWN-1112] Implement Customer lifetime-value analysis,TWN-1112,Post-Phase-1 Milestone 11 - Pro Campaigns And Intelligence,Analytics,High,Sprint 26,Backlog,Pro,Task,TWN-1106,"Outputs record model version, value window, confidence, explanation, and insufficient-data state",https://github.com/duplyofficial-thay/duply-creator,docs/tawan/TASK_BREAKDOWN.md,c0c1a22cd7af01af0362305ca823f1c0721ed387
[TWN-1113] Implement next-best-offer recommendations,TWN-1113,Post-Phase-1 Milestone 11 - Pro Campaigns And Intelligence,Analytics,High,Sprint 26,Backlog,Pro,Task,"TWN-1106, TWN-1107",Recommendations cite eligible products and evidence and cannot schedule or send a Campaign,https://github.com/duplyofficial-thay/duply-creator,docs/tawan/TASK_BREAKDOWN.md,c0c1a22cd7af01af0362305ca823f1c0721ed387
[TWN-1114] Implement demand recommendations,TWN-1114,Post-Phase-1 Milestone 11 - Pro Campaigns And Intelligence,Analytics,High,Sprint 27,Backlog,Pro,Task,"TWN-0806, TWN-1101","Results record horizon, evidence, confidence, explanation, and owner action without changing stock or price",https://github.com/duplyofficial-thay/duply-creator,docs/tawan/TASK_BREAKDOWN.md,c0c1a22cd7af01af0362305ca823f1c0721ed387
[TWN-1115] Implement promotion-leakage recommendations,TWN-1115,Post-Phase-1 Milestone 11 - Pro Campaigns And Intelligence,Analytics,High,Sprint 27,Backlog,Pro,Task,"TWN-0806, TWN-1101",Results distinguish approved discount effects and record evidence without automatic commercial changes,https://github.com/duplyofficial-thay/duply-creator,docs/tawan/TASK_BREAKDOWN.md,c0c1a22cd7af01af0362305ca823f1c0721ed387
[TWN-1116] Implement operational anomaly recommendations,TWN-1116,Post-Phase-1 Milestone 11 - Pro Campaigns And Intelligence,Analytics,High,Sprint 27,Backlog,Pro,Task,"TWN-0806, TWN-1101","Store-local thresholds, evidence, confidence, explanation, and owner disposition are inspectable",https://github.com/duplyofficial-thay/duply-creator,docs/tawan/TASK_BREAKDOWN.md,c0c1a22cd7af01af0362305ca823f1c0721ed387
[TWN-1117] Implement Customer cohort analysis,TWN-1117,Post-Phase-1 Milestone 11 - Pro Campaigns And Intelligence,Analytics,High,Sprint 26,Backlog,Pro,Task,TWN-1106,"Cohort definition, evidence window, store scope, comparison, and insufficient-data state are inspectable",https://github.com/duplyofficial-thay/duply-creator,docs/tawan/TASK_BREAKDOWN.md,c0c1a22cd7af01af0362305ca823f1c0721ed387
[TWN-1118] Implement Customer churn-risk analysis,TWN-1118,Post-Phase-1 Milestone 11 - Pro Campaigns And Intelligence,Analytics,High,Sprint 26,Backlog,Pro,Task,TWN-1106,"Model version, prediction window, confidence, explanation, consent limits, and owner disposition are inspectable",https://github.com/duplyofficial-thay/duply-creator,docs/tawan/TASK_BREAKDOWN.md,c0c1a22cd7af01af0362305ca823f1c0721ed387
